Strike,Call_IntradayVolume,Put_IntradayVolume,Vol,VolSettle
4245.0,0,1,0.35576578565815,0.35576578565815
4250.0,0,3,0.348313846232486,0.34831384623248596
4255.0,0,1,0.341050745475513,0.3410507454755134
4260.0,0,1,0.333995096087165,0.3339950960871647
4265.0,0,0,0.327164436319436,0.3271644363194355
4270.0,1,0,0.320575229663518,0.32057522966351826
4275.0,0,3,0.314242865166307,0.31424286516630673
4280.0,0,5,0.308181657110254,0.3081816571102536
4285.0,0,1,0.302404845278943,0.30240484527894296
4290.0,2,105,0.296924594829761,0.2969245948297612
4295.0,0,1,0.291751996279345,0.2917519962793449
4300.0,0,10,0.286897065616358,0.2868970656163583
4305.0,0,2,0.282368744137784,0.28236874413778423
4310.0,0,6,0.278174898645375,0.2781748986453749
4315.0,0,2,0.274322321212821,0.2743223212128214
4320.0,2,22,0.270816729342187,0.2708167293421866
4325.0,0,3,0.267662766040303,0.2676627660403028
4330.0,0,4,0.264863999575027,0.26486399957502726
4335.0,0,0,0.262422923704435,0.26242292370443465
4340.0,8,6,0.26034095752766,0.26034095752766007
4345.0,10,30,0.258618445528555,0.25861844552855473
4350.0,3,17,0.257254657655722,0.25725465765572153
4355.0,5,8,0.256247789166082,0.25624778916608193
4360.0,17,4,0.255594960835879,0.25559496083587874
4365.0,34,0,0.255292218716932,0.25529221871693153
4370.0,11,0,0.25533453427488,0.25533453427487984
4375.0,3,0,0.255715804498323,0.25571580449832254
4380.0,26,0,0.256428851560486,0.2564288515604858
4385.0,5,0,0.257465423197573,0.2574654231975728
4390.0,154,0,0.258816192490485,0.25881619249048526
4395.0,35,0,0.260470757963049,0.2604707579630485
4400.0,170,0,0.262417643421941,0.26241764342194074
4405.0,3,0,0.264644298109488,0.26464429810948786
4410.0,2,0,0.267137096794613,0.26713709679461317
4415.0,2,0,0.269881339467247,0.269881339467247
4420.0,12,0,0.272861251636641,0.2728612516366411
4425.0,3,0,0.276059984138556,0.2760599841385556
4430.0,10,0,0.279459613171639,0.2794596131716389
4435.0,2,0,0.283041140493879,0.28304114049387863
4440.0,1,0,0.286784493055166,0.2867844930551655
4445.0,1,0,0.290668523342902,0.2906685233429016
