day,line,side,level,entry,time,frozen,reprice,outcome,pnl,mfe,mae,eod,overshoot
2026-01-20,full_1.5s_up,up,4728.1,4729.8,15:25,1,,sl,-12.5,4.4,39.5,-34.8,1.7
2026-01-20,full_2s_up,up,4745.2,4747.5,21:28,0,,sl,-12.5,10.8,21.8,-17.1,2.3
2026-01-20,exA_1.5s_up,up,4720.9,4721.8,14:32,1,,sl,-12.5,-0.0,47.5,-42.8,0.9
2026-01-20,exA_2s_up,up,4735.6,4739.9,16:40,1,,sl,-12.5,13.9,29.4,-24.7,4.3
2026-01-20,exA_3s_up,up,4765.0,4766.4,01:09,0,,eod,1.8,10.8,2.9,1.8,1.4
2026-01-20,smile_2s_true_up,up,4750.2,4752.1,00:04,0,,sl,-12.5,0.5,17.2,-12.5,1.9
2026-01-21,full_1.5s_up,up,4830.3,4867.1,12:00,1,,sl,-12.5,97.4,20.5,24.6,36.8
2026-01-21,full_2s_up,up,4850.9,4867.1,12:00,1,,sl,-12.5,97.4,20.5,24.6,16.2
2026-01-21,exA_1.5s_up,up,4821.6,4867.1,12:00,1,,sl,-12.5,97.4,20.5,24.6,45.5
2026-01-21,exA_2s_up,up,4839.3,4867.1,12:00,1,,sl,-12.5,97.4,20.5,24.6,27.8
2026-01-21,exA_3s_up,up,4874.7,4876.2,12:33,1,,tp,25.0,106.5,11.4,33.7,1.5
2026-01-21,smile_2s_true_up,up,4854.2,4867.1,12:00,1,,sl,-12.5,97.4,20.5,24.6,12.9
2026-01-22,full_1.5s_up,up,4929.4,4931.6,03:28,0,,eod,-9.5,11.3,11.8,-9.5,2.2
2026-01-22,exA_1.5s_up,up,4915.7,4916.6,01:52,0,,sl,-12.5,2.1,26.8,-24.5,0.9
2026-01-26,full_1.5s_dn,dn,4992.9,4987.1,04:47,0,,eod,22.6,22.6,-0.0,22.6,5.8
2026-01-26,exA_1.5s_dn,dn,5003.8,4987.1,04:47,0,,eod,22.6,22.6,-0.0,22.6,16.7
2026-01-27,full_1.5s_up,up,5096.6,5117.8,01:31,0,,sl,-12.5,-0.0,100.8,-100.8,21.2
2026-01-27,full_2s_up,up,5126.4,5130.3,02:03,0,,sl,-12.5,10.8,88.3,-88.3,3.9
2026-01-27,full_3s_up,up,5186.0,5199.9,04:01,0,,sl,-12.5,-0.0,18.7,-18.7,13.9
2026-01-27,exA_1.5s_up,up,5084.1,5088.4,14:02,1,,tp,25.0,37.3,130.2,-130.2,4.3
2026-01-27,exA_2s_up,up,5109.7,5117.8,01:31,0,,sl,-12.5,-0.0,100.8,-100.8,8.1
2026-01-27,exA_3s_up,up,5160.9,5176.0,03:22,0,,sl,-12.5,3.6,42.6,-42.6,15.1
2026-01-27,smile_2s_true_up,up,5130.8,5134.3,03:08,0,,sl,-12.5,-0.0,84.3,-84.3,3.5
2026-01-27,smile_3s_true_up,up,5205.5,5212.9,04:07,0,,eod,-5.7,3.0,5.7,-5.7,7.4
2026-01-28,full_1.5s_up,up,5372.7,5388.8,03:39,0,,sl,-12.5,-0.0,33.8,-28.2,16.1
2026-01-28,full_2s_up,up,5420.6,5420.9,03:59,0,,eod,3.9,18.4,1.7,3.9,0.3
2026-01-28,exA_1.5s_up,up,5352.5,5352.8,01:37,0,,tp,25.0,49.1,69.8,-64.2,0.3
2026-01-28,exA_2s_up,up,5393.6,5399.3,03:46,0,,sl,-12.5,-0.0,23.3,-17.7,5.7
2026-01-29,full_1.5s_dn,dn,5304.4,5195.8,22:43,0,,sl,-12.5,198.1,42.9,191.1,108.6
2026-01-29,full_1.5s_up,up,5580.2,5583.4,13:02,1,,sl,-12.5,430.5,34.5,196.5,3.2
2026-01-29,full_2s_dn,dn,5258.5,5195.8,22:43,0,,sl,-12.5,198.1,42.9,191.1,62.7
2026-01-29,full_3s_dn,dn,5166.6,5152.9,22:50,0,,tp,25.0,241.0,-0.0,234.0,13.7
2026-01-29,exA_1.5s_dn,dn,5323.8,5195.8,22:43,0,,sl,-12.5,198.1,42.9,191.1,128.0
2026-01-29,exA_1.5s_up,up,5560.8,5577.8,12:43,1,,sl,-12.5,424.9,40.1,190.9,17.0
2026-01-29,exA_2s_dn,dn,5284.3,5195.8,22:43,0,,sl,-12.5,198.1,42.9,191.1,88.5
2026-01-29,exA_2s_up,up,5600.3,5614.6,13:15,1,,tp,25.0,461.7,3.3,227.7,14.3
2026-01-29,exA_3s_dn,dn,5205.3,5195.8,22:43,0,,sl,-12.5,198.1,42.9,191.1,9.5
2026-01-29,smile_2s_true_dn,dn,5266.6,5195.8,22:43,0,,sl,-12.5,198.1,42.9,191.1,70.8
2026-01-29,smile_3s_true_dn,dn,5178.3,5152.9,22:50,0,,tp,25.0,241.0,-0.0,234.0,25.4
2026-01-30,full_1.5s_dn,dn,5224.9,5220.7,09:34,1,,sl,-12.5,47.8,213.0,-120.9,4.2
2026-01-30,full_2s_dn,dn,5160.4,5153.7,14:12,1,,tp,25.0,52.5,146.0,-53.9,6.7
2026-01-30,full_3s_dn,dn,5031.3,5007.7,16:56,1,,tp,25.0,162.0,-0.0,92.1,23.6
2026-01-30,exA_1.5s_dn,dn,5252.1,5225.4,09:28,1,,sl,-12.5,43.1,217.7,-125.6,26.7
2026-01-30,exA_2s_dn,dn,5196.7,5186.0,10:54,1,,tp,25.0,77.4,178.3,-86.2,10.7
2026-01-30,exA_3s_dn,dn,5085.7,5070.7,16:36,1,,sl,-12.5,99.0,63.0,29.1,15.0
2026-01-30,smile_2s_true_dn,dn,5133.1,5118.0,15:45,1,,tp,25.0,51.7,110.3,-18.2,15.1
2026-02-02,full_1.5s_dn,dn,4579.9,4544.5,13:00,1,,tp,25.0,280.1,82.3,147.8,35.4
2026-02-02,full_2s_dn,dn,4508.7,4507.6,13:39,1,,sl,-12.5,317.0,45.4,184.7,1.1
2026-02-02,exA_1.5s_dn,dn,4609.9,4544.5,13:00,1,,tp,25.0,280.1,82.3,147.8,65.4
2026-02-02,exA_2s_dn,dn,4548.7,4544.5,13:00,1,,tp,25.0,280.1,82.3,147.8,4.2
2026-02-02,smile_2s_true_dn,dn,4489.1,4464.4,13:52,1,,tp,25.0,360.2,2.2,227.9,24.7
2026-02-03,full_1.5s_up,up,4936.8,4945.2,14:49,1,,sl,-12.5,31.2,53.1,-17.3,8.4
2026-02-03,exA_1.5s_up,up,4901.8,4913.0,13:57,1,,sl,-12.5,13.3,85.3,-49.5,11.2
2026-02-03,exA_2s_up,up,4973.0,4998.3,23:39,0,,tp,25.0,76.1,0.0,35.8,25.3
2026-02-05,exA_1.5s_dn,dn,4792.9,4783.9,04:50,0,,eod,2.5,2.5,-0.0,2.5,9.0
2026-02-06,exA_1.5s_up,up,4974.7,4982.0,22:30,0,,eod,16.9,24.0,0.0,16.9,7.3
2026-02-12,full_1.5s_dn,dn,4980.6,4962.8,23:47,0,,tp,25.0,32.4,25.6,-23.7,17.8
2026-02-12,full_2s_dn,dn,4938.8,4937.9,03:53,0,,eod,1.2,5.0,0.7,1.2,0.9
2026-02-12,exA_1.5s_dn,dn,4998.2,4962.8,23:47,0,,tp,25.0,32.4,25.6,-23.7,35.4
2026-02-12,exA_2s_dn,dn,4962.3,4957.3,01:17,0,,sl,-12.5,15.5,20.1,-18.2,5.0
2026-02-17,full_1.5s_dn,dn,4943.8,4917.6,12:28,1,,sl,-12.5,44.2,44.3,-21.0,26.2
2026-02-17,full_2s_dn,dn,4920.7,4917.6,12:28,1,,sl,-12.5,44.2,44.3,-21.0,3.1
2026-02-17,full_3s_dn,dn,4874.4,4873.4,22:27,0,,tp,25.0,48.4,0.1,23.2,1.0
2026-02-17,exA_1.5s_dn,dn,4953.5,4917.6,12:28,1,,sl,-12.5,44.2,44.3,-21.0,35.9
2026-02-17,exA_2s_dn,dn,4933.7,4917.6,12:28,1,,sl,-12.5,44.2,44.3,-21.0,16.1
2026-02-17,exA_3s_dn,dn,4893.9,4888.8,22:07,0,,sl,-12.5,33.0,15.5,7.8,5.1
2026-02-17,smile_2s_true_dn,dn,4892.6,4888.8,22:07,0,,sl,-12.5,33.0,15.5,7.8,3.8
2026-02-18,full_1.5s_up,up,4986.3,4996.3,21:46,0,,sl,-12.5,2.1,31.3,-4.5,10.0
2026-02-18,full_2s_up,up,5016.7,5024.1,22:18,0,,tp,25.0,25.9,3.5,23.3,7.4
2026-02-18,exA_1.5s_up,up,4973.5,4978.6,20:21,0,,sl,-12.5,5.4,49.0,-22.2,5.1
2026-02-18,exA_2s_up,up,4999.6,5004.1,21:59,0,,sl,-12.5,5.9,23.5,3.3,4.5
2026-02-18,smile_2s_true_up,up,4997.5,5004.1,21:59,0,,sl,-12.5,5.9,23.5,3.3,6.6
2026-02-23,exA_1.5s_up,up,5254.9,5255.0,04:08,0,,eod,6.0,7.4,0.0,6.0,0.1
2026-02-24,full_1.5s_dn,dn,5134.5,5133.9,21:26,0,,tp,25.0,56.8,4.5,33.0,0.6
2026-02-24,exA_1.5s_dn,dn,5150.8,5146.9,21:00,0,,sl,-12.5,43.8,17.5,20.0,3.9
2026-03-02,full_1.5s_dn,dn,5271.8,5247.9,22:26,0,,tp,25.0,112.1,-0.0,97.6,23.9
2026-03-02,exA_1.5s_dn,dn,5285.6,5247.9,22:26,0,,tp,25.0,112.1,-0.0,97.6,37.7
2026-03-02,exA_2s_dn,dn,5257.5,5247.9,22:26,0,,tp,25.0,112.1,-0.0,97.6,9.6
2026-03-03,full_1.5s_dn,dn,5234.5,5179.9,18:30,0,,sl,-12.5,48.9,155.9,-81.3,54.6
2026-03-03,full_2s_dn,dn,5198.7,5179.9,18:30,0,,sl,-12.5,48.9,155.9,-81.3,18.8
2026-03-03,full_3s_dn,dn,5126.9,5096.4,18:49,0,,tp,25.0,132.4,72.4,2.2,30.5
2026-03-03,exA_1.5s_dn,dn,5249.7,5246.3,18:23,0,,sl,-12.5,0.0,222.3,-147.7,3.4
2026-03-03,exA_2s_dn,dn,5218.9,5179.9,18:30,0,,sl,-12.5,48.9,155.9,-81.3,39.0
2026-03-03,exA_3s_dn,dn,5157.2,5148.0,18:43,0,,sl,-12.5,80.8,124.0,-49.4,9.2
2026-03-03,smile_2s_true_dn,dn,5199.9,5179.9,18:30,0,,sl,-12.5,48.9,155.9,-81.3,20.0
2026-03-03,smile_3s_true_dn,dn,5120.4,5096.4,18:49,0,,tp,25.0,132.4,72.4,2.2,24.0
2026-03-10,exA_1.5s_up,up,5237.1,5243.3,23:01,0,,tp,25.0,53.3,1.4,44.6,6.2
2026-03-12,exA_1.5s_dn,dn,5080.6,5080.5,03:40,0,1,eod,3.6,4.1,7.0,3.6,0.1
2026-03-18,full_1.5s_dn,dn,4923.5,4907.0,19:28,0,1,sl,-12.5,0.1,94.1,-83.1,16.5
2026-03-18,full_2s_dn,dn,4894.5,4878.9,20:01,0,1,sl,-12.5,14.5,66.0,-55.0,15.6
2026-03-18,full_3s_dn,dn,4836.5,4825.4,03:28,0,1,sl,-12.5,2.7,12.5,-1.5,11.1
2026-03-18,exA_1.5s_dn,dn,4935.8,4925.4,19:16,0,1,sl,-12.5,0.0,112.5,-101.5,10.4
2026-03-18,exA_2s_dn,dn,4910.9,4907.0,19:28,0,1,sl,-12.5,0.1,94.1,-83.1,3.9
2026-03-18,exA_3s_dn,dn,4861.0,4848.4,20:27,0,1,tp,25.0,45.0,35.5,-24.5,12.6
2026-03-18,smile_2s_true_dn,dn,4831.2,4825.4,03:28,0,1,sl,-12.5,2.7,12.5,-1.5,5.8
2026-03-19,full_1.5s_dn,dn,4692.7,4684.2,17:36,0,1,sl,-12.5,18.0,148.5,-32.3,8.5
2026-03-19,full_2s_dn,dn,4648.9,4620.0,19:24,0,1,sl,-12.5,43.7,84.3,31.9,28.9
2026-03-19,full_3s_dn,dn,4561.4,4535.7,20:03,0,1,tp,25.0,128.0,-0.0,116.2,25.7
2026-03-19,exA_1.5s_dn,dn,4711.1,4707.9,16:12,1,1,sl,-12.5,15.8,172.2,-56.0,3.2
2026-03-19,exA_2s_dn,dn,4673.5,4656.3,19:05,0,1,sl,-12.5,7.4,120.6,-4.4,17.2
2026-03-19,exA_3s_dn,dn,4598.4,4564.0,19:56,0,1,sl,-12.5,99.7,28.3,87.9,34.4
2026-03-20,exA_1.5s_dn,dn,4561.2,4560.1,21:44,0,1,eod,11.1,11.1,1.2,11.1,1.1
2026-03-23,full_1.5s_dn,dn,4398.3,4372.6,11:21,1,1,sl,-12.5,122.0,134.9,37.8,25.7
2026-03-23,full_2s_dn,dn,4367.0,4357.2,12:05,1,1,sl,-12.5,137.4,119.5,53.2,9.8
2026-03-23,full_3s_dn,dn,4304.6,4285.4,13:17,1,1,sl,-12.5,209.2,47.7,125.0,19.2
2026-03-23,exA_1.5s_dn,dn,4411.5,4372.6,11:21,1,1,sl,-12.5,122.0,134.9,37.8,38.9
2026-03-23,exA_2s_dn,dn,4384.6,4372.6,11:21,1,1,sl,-12.5,122.0,134.9,37.8,12.0
2026-03-23,exA_3s_dn,dn,4330.9,4326.1,12:44,1,1,sl,-12.5,168.5,88.4,84.3,4.8
2026-03-23,smile_2s_true_dn,dn,4311.3,4285.4,13:17,1,1,sl,-12.5,209.2,47.7,125.0,25.9
2026-03-31,full_1.5s_up,up,4701.1,4710.6,03:03,0,1,eod,11.0,14.4,3.6,11.0,9.5
2026-03-31,exA_1.5s_up,up,4678.5,4710.6,03:03,0,1,eod,11.0,14.4,3.6,11.0,32.1
2026-04-13,full_1.5s_up,up,4737.0,4740.5,08:30,1,1,sl,-12.5,14.5,28.3,-26.1,3.5
2026-04-13,full_2s_up,up,4758.7,4759.6,15:02,1,1,tp,25.0,33.6,9.2,-7.0,0.9
2026-04-13,exA_1.5s_up,up,4727.9,4727.9,08:17,1,1,sl,-12.5,1.9,40.9,-38.7,0.0
2026-04-13,exA_2s_up,up,4746.5,4746.8,09:43,1,1,sl,-12.5,20.8,22.0,-19.8,0.3
2026-04-13,smile_2s_true_up,up,4762.4,4768.8,03:03,0,1,eod,2.2,5.4,0.0,2.2,6.4
2026-04-14,exA_1.5s_up,up,4860.5,4863.6,03:33,0,1,eod,-0.9,-0.0,1.8,-0.9,3.1
2026-04-17,full_1.5s_up,up,4898.8,4901.1,21:15,0,1,eod,11.2,22.7,2.1,11.2,2.3
2026-04-17,exA_1.5s_up,up,4886.5,4889.0,20:29,0,1,sl,-12.5,14.1,14.2,-0.9,2.5
2026-04-20,full_1.5s_dn,dn,4816.7,4796.1,10:54,1,1,tp,25.0,49.5,-0.0,44.9,20.6
2026-04-20,exA_1.5s_dn,dn,4825.6,4796.1,10:54,1,1,tp,25.0,49.5,-0.0,44.9,29.5
2026-04-20,exA_2s_dn,dn,4807.5,4796.1,10:54,1,1,tp,25.0,49.5,-0.0,44.9,11.4
2026-04-21,full_1.5s_dn,dn,4746.6,4746.5,22:03,0,1,tp,25.0,27.8,51.5,-8.0,0.1
2026-04-21,full_2s_dn,dn,4715.2,4696.1,03:03,0,1,tp,25.0,42.4,1.1,42.4,19.1
2026-04-21,exA_1.5s_dn,dn,4759.9,4746.5,22:03,0,1,tp,25.0,27.8,51.5,-8.0,13.4
2026-04-21,exA_2s_dn,dn,4732.9,4728.4,00:09,0,1,sl,-12.5,10.1,33.4,10.1,4.5
2026-04-28,full_1.5s_dn,dn,4611.9,4611.6,18:25,0,1,sl,-12.5,3.8,39.9,-2.0,0.3
2026-04-28,full_2s_dn,dn,4583.3,4582.9,18:51,0,1,tp,25.0,28.8,11.2,26.7,0.4
2026-04-28,exA_1.5s_dn,dn,4624.0,4622.8,16:54,1,1,sl,-12.5,5.8,51.1,-13.2,1.2
2026-04-28,exA_2s_dn,dn,4599.4,4582.9,18:51,0,1,tp,25.0,28.8,11.2,26.7,16.5
2026-04-29,exA_1.5s_dn,dn,4532.1,4527.4,20:56,0,1,tp,25.0,46.8,3.4,29.9,4.7
2026-05-04,full_1.5s_dn,dn,4582.7,4562.2,17:16,0,1,tp,25.0,27.2,45.0,-29.8,20.5
2026-05-04,full_2s_dn,dn,4565.3,4562.2,17:16,0,1,tp,25.0,27.2,45.0,-29.8,3.1
2026-05-04,full_3s_dn,dn,4530.5,4519.5,23:23,0,1,eod,12.9,12.9,2.3,12.9,11.0
2026-05-04,exA_1.5s_dn,dn,4590.1,4588.2,15:19,1,1,sl,-12.5,6.5,71.0,-55.8,1.9
2026-05-04,exA_2s_dn,dn,4575.1,4562.2,17:16,0,1,tp,25.0,27.2,45.0,-29.8,12.9
2026-05-04,exA_3s_dn,dn,4545.2,4537.9,22:39,0,1,sl,-12.5,7.5,20.7,-5.5,7.3
2026-05-04,smile_2s_true_dn,dn,4555.5,4554.4,17:23,0,1,tp,25.0,35.0,37.2,-22.0,1.1
2026-05-06,full_1.5s_up,up,4651.1,4655.3,10:54,1,1,sl,-12.5,1.1,76.7,-47.8,4.2
2026-05-06,full_2s_up,up,4678.9,4685.1,14:57,1,1,sl,-12.5,4.3,46.9,-18.0,6.2
2026-05-06,exA_1.5s_up,up,4639.4,4655.3,10:54,1,1,sl,-12.5,1.1,76.7,-47.8,15.9
2026-05-06,exA_2s_up,up,4663.3,4663.3,11:39,1,1,sl,-12.5,6.4,68.7,-39.8,0.0
2026-05-06,exA_3s_up,up,4711.0,4713.0,16:21,1,1,sl,-12.5,32.2,19.0,9.9,2.0
2026-05-06,smile_2s_true_up,up,4703.2,4709.3,16:02,1,1,sl,-12.5,28.5,22.7,6.2,6.1
2026-05-15,full_1.5s_dn,dn,4567.5,4562.3,15:38,1,1,sl,-12.5,11.1,30.1,-12.8,5.2
2026-05-15,full_2s_dn,dn,4538.2,4535.3,20:55,0,1,tp,25.0,31.3,3.1,14.2,2.9
2026-05-15,exA_1.5s_dn,dn,4579.9,4571.6,12:50,1,1,sl,-12.5,17.3,39.4,-22.1,8.3
2026-05-15,exA_2s_dn,dn,4554.7,4553.5,16:22,1,1,sl,-12.5,19.9,21.3,-4.0,1.2
2026-05-18,exA_1.5s_dn,dn,4496.4,4488.4,07:54,1,1,tp,25.0,90.9,-0.0,82.4,8.0
2026-05-19,full_1.5s_dn,dn,4481.9,4480.1,20:48,0,1,tp,25.0,32.6,2.7,29.0,1.8
2026-05-19,exA_1.5s_dn,dn,4494.4,4480.1,20:48,0,1,tp,25.0,32.6,2.7,29.0,14.3
2026-05-27,full_1.5s_dn,dn,4462.8,4462.4,19:22,0,1,tp,25.0,27.9,20.0,26.1,0.4
2026-05-27,exA_1.5s_dn,dn,4473.9,4473.7,18:36,0,1,sl,-12.5,16.6,31.3,14.8,0.2
2026-05-27,exA_2s_dn,dn,4451.4,4445.5,20:20,0,1,tp,25.0,44.8,3.1,43.0,5.9
2026-05-28,full_1.5s_up,up,4522.1,4528.3,23:32,0,1,sl,-12.5,1.6,18.1,1.0,6.2
2026-05-28,exA_1.5s_up,up,4510.0,4512.3,22:48,0,1,sl,-12.5,2.9,34.1,-15.0,2.3
2026-05-28,exA_2s_up,up,4534.7,4537.2,23:57,0,1,eod,9.9,10.5,9.2,9.9,2.5
2026-05-29,exA_1.5s_up,up,4611.4,4616.2,22:34,0,1,eod,13.4,24.8,0.0,13.4,4.8
2026-06-01,full_1.5s_dn,dn,4509.4,4496.9,20:44,0,1,sl,-12.5,17.9,17.2,17.9,12.5
2026-06-01,full_2s_dn,dn,4489.2,4479.7,21:16,0,1,tp,25.0,35.1,-0.0,35.1,9.5
2026-06-01,exA_1.5s_dn,dn,4517.9,4516.8,20:24,0,1,sl,-12.5,0.0,37.1,-2.0,1.1
2026-06-01,exA_2s_dn,dn,4500.6,4496.9,20:44,0,1,sl,-12.5,17.9,17.2,17.9,3.7
2026-06-01,smile_2s_true_dn,dn,4480.2,4479.7,21:16,0,1,tp,25.0,35.1,-0.0,35.1,0.5
2026-06-04,exA_1.5s_up,up,4531.4,4540.7,19:11,0,1,tp,25.0,44.3,1.4,38.3,9.3
2026-06-05,full_1.5s_dn,dn,4425.4,4419.6,20:52,0,1,sl,-12.5,1.2,62.6,-61.9,5.8
2026-06-05,full_2s_dn,dn,4399.8,4396.6,21:17,0,1,sl,-12.5,0.9,39.6,-38.9,3.2
2026-06-05,exA_1.5s_dn,dn,4436.3,4431.5,20:45,0,1,sl,-12.5,0.0,74.5,-73.8,4.8
2026-06-05,exA_2s_dn,dn,4414.2,4396.6,21:17,0,1,sl,-12.5,0.9,39.6,-38.9,17.6
2026-06-05,exA_3s_dn,dn,4370.1,4363.6,22:53,0,1,eod,-5.9,0.0,6.6,-5.9,6.5
2026-06-05,smile_2s_true_dn,dn,4388.3,4373.6,21:50,0,1,sl,-12.5,11.8,16.6,-15.9,14.7
2026-06-08,exA_1.5s_dn,dn,4306.7,4304.7,12:47,1,1,tp,25.0,64.0,5.0,49.1,2.0
2026-06-09,exA_1.5s_dn,dn,4277.4,4272.5,23:52,0,1,tp,25.0,25.0,3.6,12.3,4.9
2026-06-10,full_1.5s_dn,dn,4171.4,4170.6,19:10,0,1,tp,25.0,31.9,80.1,-76.5,0.8
2026-06-10,full_2s_dn,dn,4133.6,4130.0,00:45,0,1,sl,-12.5,5.8,39.5,-35.9,3.6
2026-06-10,exA_1.5s_dn,dn,4187.4,4186.9,17:06,0,1,sl,-12.5,15.6,96.4,-92.8,0.5
2026-06-10,exA_2s_dn,dn,4154.9,4147.6,22:22,0,1,sl,-12.5,7.3,57.1,-53.5,7.3
2026-06-11,full_1.5s_up,up,4228.9,4233.5,02:59,0,1,eod,-0.3,2.0,3.7,-0.3,4.6
2026-06-11,exA_1.5s_up,up,4210.0,4212.6,02:33,0,1,sl,-12.5,-0.0,24.6,-21.2,2.6
2026-06-15,full_1.5s_up,up,4309.2,4324.1,07:38,1,1,sl,-12.5,12.6,65.7,-6.9,14.9
2026-06-15,full_2s_up,up,4332.2,4335.6,08:49,1,1,sl,-12.5,9.7,54.2,4.6,3.4
2026-06-15,full_3s_up,up,4378.4,4380.0,20:48,0,1,tp,25.0,51.0,9.8,49.0,1.6
2026-06-15,exA_1.5s_up,up,4299.4,4324.1,07:38,1,1,sl,-12.5,12.6,65.7,-6.9,24.7
2026-06-15,exA_2s_up,up,4319.3,4324.1,07:38,1,1,sl,-12.5,12.6,65.7,-6.9,4.8
2026-06-15,exA_3s_up,up,4358.9,4360.2,15:44,1,1,sl,-12.5,31.2,29.6,29.2,1.3
2026-06-15,smile_2s_true_up,up,4335.8,4337.5,08:56,1,1,sl,-12.5,11.6,52.3,6.5,1.7
2026-06-17,full_1.5s_dn,dn,4274.5,4273.1,02:28,0,1,sl,-12.5,10.9,26.0,3.2,1.4
2026-06-17,full_2s_dn,dn,4248.3,4247.1,02:54,0,1,tp,25.0,36.9,-0.0,29.2,1.2
2026-06-17,exA_1.5s_dn,dn,4285.5,4273.1,02:28,0,1,sl,-12.5,10.9,26.0,3.2,12.4
2026-06-17,exA_2s_dn,dn,4263.1,4262.3,02:34,0,1,sl,-12.5,21.7,15.2,14.0,0.8
2026-06-18,exA_1.5s_up,up,4380.1,4381.4,09:12,1,1,tp,25.0,147.6,0.0,147.6,1.3
2026-06-23,full_1.5s_dn,dn,4140.3,4139.0,13:05,1,1,sl,-12.5,19.3,28.7,-10.0,1.3
2026-06-23,full_2s_dn,dn,4117.1,4112.6,15:20,1,1,tp,25.0,45.7,2.3,16.4,4.5
2026-06-23,exA_1.5s_dn,dn,4150.0,4146.7,12:07,1,1,sl,-12.5,11.6,36.4,-17.7,3.3
2026-06-23,exA_2s_dn,dn,4130.1,4129.8,13:53,1,1,sl,-12.5,28.5,19.5,-0.8,0.3
2026-06-24,full_1.5s_dn,dn,4046.2,4031.1,19:42,0,1,sl,-12.5,17.0,50.1,-14.7,15.1
2026-06-24,full_2s_dn,dn,4018.6,4003.5,20:12,0,1,sl,-12.5,44.6,22.5,12.9,15.1
2026-06-24,exA_1.5s_dn,dn,4057.9,4056.6,19:00,0,1,sl,-12.5,14.6,75.6,-40.2,1.3
2026-06-24,exA_2s_dn,dn,4034.1,4031.1,19:42,0,1,sl,-12.5,17.0,50.1,-14.7,3.0
2026-06-24,exA_3s_dn,dn,3986.7,3981.0,20:35,0,1,tp,25.0,67.1,-0.0,35.4,5.7
2026-06-29,full_1.5s_dn,dn,4048.3,4046.2,17:08,0,1,sl,-12.5,18.2,23.7,-15.7,2.1
2026-06-29,full_2s_dn,dn,4030.1,4026.7,02:08,0,1,eod,3.8,5.3,4.2,3.8,3.4
2026-06-29,exA_1.5s_dn,dn,4056.0,4050.8,17:02,0,1,sl,-12.5,13.6,28.3,-20.3,5.2
2026-06-29,exA_2s_dn,dn,4040.3,4040.2,21:25,0,1,sl,-12.5,2.7,17.7,-9.7,0.1
